{
  "2013_subaru_brz": 0.209669979452342,
  "2015_acura_tlx": 0.718562874251497,
  "2000_bmw_m5": 0.075,
  "2018_mercedes_glc": 1.0684931506849316
}